bank,year,ts_code,adminExpense,netInterestIncome,coreRevenue,nonInterestShare,feeAssetRatio,loanAssetRatio,depositLiabilityRatio,cashProfitRatio,costIncomeRatio,fvChangeRatio,ocfToRevenue,creditImpairLoss,depositGrowthCF,loanIssuanceCF,centralBankAdj
中国银行,2020,601988.SH,15114900.0,41591800.0,49144000.0,26.455313678648917,0.3094826674421013,2.9064988368685563,75.89616049984572,35.60674025822054,26.726916826840615,0.5386032843841577,12.913173636812129,,8407300.0,120449200.0,
中国银行,2021,601988.SH,17060200.0,42514200.0,50656800.0,29.79346356011553,0.3047105635090969,2.8148099527557546,74.44196184492317,370.9253581655589,28.172647091365167,4.597281469163474,139.25282259862374,,198891700.0,156470400.0,13257900.0
中国银行,2022,601988.SH,17231100.0,46067800.0,53292600.0,25.457719871393458,0.2498732701071324,2.924493954576866,76.67807523231168,-4.77339329021827,27.88163279175546,-3.6978864702471936,-1.8344393042819767,,157886200.0,188199300.0,9032100.0
中国银行,2023,601988.SH,17750300.0,46654500.0,54541000.0,25.099817142380104,0.24316908096733347,2.6224212098569057,77.19217878838232,331.38884040735314,28.496730557129762,-0.23950637330518795,131.07407579841671,,3819300.0,246145500.0,63004900.0
中国银行,2024,601988.SH,18126200.0,44893400.0,52552400.0,28.75081337586694,0.21844598513021435,2.604047842038026,75.37789798194144,218.0152659673392,28.767636369407544,-0.5295741030804804,87.44242885936929,,191353500.0,168816700.0,-47160000.0
中国银行,2025,601988.SH,,,,,,,,,,,,,,,
交通银行,2020,601328.SH,6600400.0,15333600.0,19842200.0,37.71892770105605,0.42145838848580847,3.4624910821252137,67.29135426176302,187.75669222068618,26.809098294069862,1.2357535435348568,60.68155970755483,,66989000.0,59792600.0,
交通银行,2021,601328.SH,7454500.0,16169300.0,20926600.0,39.97809866735959,0.40780036820585236,3.7670080047098526,65.8629664478369,-39.09983246944535,27.671776977616098,3.9570450941368045,-12.908793941868666,,88215300.0,77623400.0,-8283300.0
交通银行,2022,601328.SH,7682500.0,16993700.0,21457600.0,37.74699792657284,0.3435772814900751,3.681785508918701,66.4822732131556,400.10974682168853,28.143293598751544,-2.50674540548796,134.89035746470412,6041100.0,5148700.0,74098800.0,7137400.0
交通银行,2023,601328.SH,7736900.0,16412300.0,20712700.0,36.28641860284556,0.30585032991780076,3.913773307183429,65.97639445407931,147.2601123836486,30.035132669500577,1.1926016570041527,53.30965274947107,5690800.0,1815400.0,67886300.0,9192000.0
交通银行,2024,601328.SH,7768700.0,16983200.0,20674600.0,34.63625657170568,0.24773304532929524,3.950487751696781,64.02515947478086,-60.86024472296214,29.899625133743353,2.370620922928244,-22.071694133766442,5256700.0,51695000.0,63014000.0,-18066800.0
交通银行,2025,601328.SH,,,,,,,,,,,,,,,
农业银行,2020,601288.SH,19234800.0,54507900.0,61962400.0,17.156336013836686,0.27401165673413463,2.0104651905214497,81.51018506178669,-28.158964879852128,29.23395155639924,1.1197887191096019,-9.261339197915985,16469900.0,33055200.0,183231500.0,
农业银行,2021,601288.SH,21930800.0,57798700.0,65831600.0,19.71454963433183,0.27633758188017504,1.537519752466145,82.20990208721201,99.04065537993519,30.463040775647126,-1.3583209409219954,33.28379044748338,16588600.0,171277000.0,202648200.0,-11586900.0
农业银行,2022,601288.SH,22927300.0,58996600.0,67124800.0,18.61056081934918,0.23957533251828242,1.4747019772996757,80.37940066198911,511.04148626917373,31.629620841311795,1.844123102646498,182.37844683445815,14526700.0,44434000.0,259879300.0,22772400.0
农业银行,2023,601288.SH,23529600.0,57175000.0,65184300.0,17.713448508119995,0.2008703185005769,1.294563093827754,78.154404618202,676.4813579423319,33.863920279551195,0.9986370393502028,262.69551601259593,13570700.0,63478000.0,282423600.0,37291700.0
农业银行,2024,601288.SH,24442000.0,58069200.0,65625900.0,18.276276994743547,0.17476933267357625,1.225230921731476,75.49752419367576,478.663180871048,34.39846317315338,2.5037515546630495,190.42044598940265,13084000.0,235095900.0,228794800.0,-78759500.0
农业银行,2025,601288.SH,,,,,,,,,,,,,,,
工商银行,2020,601398.SH,19684800.0,64676500.0,77798000.0,26.725881279987313,0.39350658799273946,1.6763623563047934,82.58346499682952,490.3020287391598,22.301552684200686,3.2634918368075567,176.4674026952468,,3040300.0,207940000.0,
工商银行,2021,601398.SH,22594500.0,69068000.0,82370400.0,26.738667871636746,0.3782165745373163,1.366716230635571,82.89964376550442,103.04554903259702,23.966282052097984,3.406221243166023,38.27922635829616,,138831000.0,218461100.0,-43935700.0
工商银行,2022,601398.SH,22961500.0,69368700.0,82295200.0,24.434061846056977,0.32634718346589064,1.70887367189269,82.75329912753637,389.060708291094,25.012826951085472,-2.7352005016979635,153.01457860606175,,14774100.0,251120400.0,32945400.0
工商银行,2023,601398.SH,22726600.0,65501300.0,77437000.0,22.306214193364728,0.267035346985426,1.571599343214352,81.91781960778526,388.09638580615473,26.956954938498583,0.642468824502448,168.07643493422847,,17836800.0,289890200.0,61440100.0
工商银行,2024,601398.SH,23046000.0,63740500.0,74680200.0,22.438224245956757,0.22407432950062867,1.5138971064246658,77.70129819728031,157.84175328249935,28.043217170051705,2.896922197962672,70.47844799787784,12573900.0,187707200.0,227797700.0,-71938200.0
工商银行,2025,601398.SH,,,,,,,,,,,,,,,
建设银行,2020,601939.SH,17930800.0,57590900.0,69049100.0,23.807249509828566,0.4072976164654279,1.3095431315244062,80.08023648927524,212.25496108984973,23.72244522119234,-0.1901276231670509,76.82461520550157,,39287600.0,191702000.0,
建设银行,2021,601939.SH,20986400.0,60542000.0,72691200.0,26.54862747286611,0.4015736244148249,0.6219413320806496,80.96573726846705,143.69126898475955,25.46133071922703,1.7311818864095219,52.983939260851734,16794900.0,170625500.0,212556100.0,-5227200.0
建设银行,2022,601939.SH,21321900.0,64306400.0,75914900.0,21.813360438579746,0.33548719280495354,1.2417693505247123,78.87237389393495,302.7605007952569,25.924133679768214,-3.235196339429921,118.96062241556866,15453900.0,15265700.0,237147100.0,39540400.0
建设银行,2023,601939.SH,21008800.0,61723300.0,73297900.0,19.81237723063492,0.30201311285796834,1.7619649466901688,78.66812532913498,193.36160741141794,27.293513620254217,-0.9284061462284623,83.5156469231009,13677400.0,11136400.0,270413700.0,-9323800.0
建设银行,2024,601939.SH,21431200.0,58988200.0,69481000.0,21.36489853376187,0.2586271342721893,1.6585061468187654,77.13145855995984,100.51772024669772,28.5691814048105,1.392122837734828,45.0606611202278,12070000.0,101975900.0,205010800.0,-49469700.0
建设银行,2025,601939.SH,,,,,,,,,,,,,,,
邮储银行,2020,601658.SH,16564900.0,25337800.0,26987300.0,11.468822719617613,0.14528862759543226,2.1878820212303722,96.98226637690041,251.51901489474176,57.87835165372709,12.329752260185511,56.52371402016757,,8748500.0,75461100.0,
邮储银行,2021,601658.SH,18810200.0,26938200.0,29138900.0,15.491181508460858,0.17482699420307146,2.22510188973149,96.28359091897407,143.1518841791669,59.01017059749908,13.259017359491246,34.36952961770851,4663800.0,3498200.0,74853200.0,-3040400.0
邮储银行,2022,601658.SH,20570500.0,27359300.0,30202700.0,18.31971960496304,0.20212859882953937,2.156137909227952,96.02020712507102,556.3985706754145,61.41254373708785,3.6929206251915416,141.78399550985802,3532800.0,14249100.0,77680600.0,7449300.0
邮储银行,2023,601658.SH,22201500.0,28180300.0,31005500.0,17.723433389682548,0.17964432433112978,1.8932344759662767,94.48848223918527,304.7035545681755,64.82057301018665,7.8690815401914875,76.88514395326227,2616700.0,7999500.0,95947200.0,7355000.0
邮储银行,2024,601658.SH,22403500.0,28612300.0,31140500.0,17.96344348075407,0.1479785377856834,2.036984684145249,95.23012800950535,458.1346003044421,64.23482187656799,5.40426251691475,113.90609992115262,2842300.0,4056000.0,79613500.0,-2279800.0
邮储银行,2025,601658.SH,,,,,,,,,,,,,,,
中信银行,2020,601998.SH,5190200.0,15051500.0,17935100.0,22.706194699354494,0.38390869267747024,2.2417306725285213,65.77765923578104,316.6902204635387,26.65317797371759,0.43209983234526506,80.5536868808767,8247700.0,1282400.0,55192900.0,
中信银行,2021,601998.SH,5973700.0,14789600.0,18376600.0,27.699369857790252,0.4459843011536658,1.7893830123622323,64.72705411081614,-133.73184099898896,29.203107202393465,0.6944762428072103,-36.857208504231096,7700500.0,383200.0,43236100.0,21400.0
中信银行,2022,601998.SH,6454800.0,15064700.0,18773900.0,28.735713745080233,0.4339492647185279,2.5523591984269633,65.60738098681547,309.8745035742653,30.53474114441417,1.3130652718753406,92.27690735694823,7135900.0,336300.0,34796100.0,4199800.0
中信银行,2023,601998.SH,6661200.0,14353900.0,17592200.0,30.28567820647317,0.35772501779622035,2.626262581629528,65.73434182006343,-1.3487702388998266,32.35225550763492,0.6957148770814694,-0.44585616039165404,6192600.0,28620700.0,38032600.0,-6093900.0
中信银行,2024,601998.SH,6941000.0,14667900.0,17778100.0,31.34484146672533,0.32626567731651046,4.246436642125932,67.20998349981554,-260.5976852651581,32.48832180335695,4.703016212606507,-84.7345609091675,6104500.0,40668400.0,25833600.0,-7552700.0
中信银行,2025,601998.SH,,,,,,,,,,,,,,,
光大银行,2020,601818.SH,3758900.0,11069700.0,13502000.0,22.30644516033942,0.45310174344415444,1.290770867213973,70.84444645267602,309.08059622741064,26.382133507394073,0.3055146493175374,82.22755634163632,,78200.0,34906000.0,
光大银行,2021,601818.SH,4280500.0,11215500.0,13946900.0,26.57658542333602,0.4627868633863819,2.3440762891792692,67.84689009345843,-257.20571048832466,28.022729802096226,2.8937874237358567,-73.48037001394427,5477200.0,24007800.0,35224400.0,1797600.0
光大银行,2022,601818.SH,4227900.0,11365500.0,14039900.0,25.045504906616017,0.42447357436144056,2.06299172606662,67.64821741553445,-125.21758436944938,27.88263691041469,-2.958939356037594,-37.19399599029229,5060000.0,116700.0,31324200.0,-2183700.0
光大银行,2023,601818.SH,4104200.0,10748000.0,13117800.0,26.224388234890345,0.3498998050435891,2.100196137606979,65.84948144993632,-8.798325055993768,28.171740398805646,2.281086078340736,-2.480694649414833,5207500.0,248100.0,26583500.0,-724200.0
光大银行,2024,601818.SH,4036500.0,9666600.0,11573700.0,28.61499833844109,0.274047168416362,2.58282019841584,63.366620661067486,-488.6593018539286,29.80836687220766,10.304231262384892,-151.24026141860207,4052200.0,452400.0,19304600.0,-6591800.0
光大银行,2025,601818.SH,,,,,,,,,,,,,,,
兴业银行,2020,601166.SH,4826200.0,14351500.0,18122500.0,29.350635285546208,0.4777045857613378,2.431454269065113,56.185600692896344,-50.572538821825916,23.75835027592216,-8.17751216775187,-16.84971226315245,,51916900.0,57745600.0,
兴业银行,2021,601166.SH,5546800.0,14567900.0,18835900.0,34.15221754144895,0.49610462553632306,4.089515500596069,55.07521691862887,-465.0317361840221,25.071868954419713,2.2851746931067045,-176.17883165488436,,48943700.0,46847300.0,3629900.0
兴业银行,2022,601166.SH,6484300.0,14527300.0,19031400.0,34.67176918164893,0.48605372954322,3.7990234033343797,56.276226227243775,-372.8731577466617,29.159434106505255,-0.5940444921437381,-154.9583134718987,,504700.0,59664500.0,-504300.0
兴业银行,2023,601166.SH,6260800.0,14650300.0,17425800.0,30.511642026077755,0.27322415130209443,3.5751166087798323,55.793853810773996,558.396219125866,29.695822720567662,4.908157336147707,205.67041848684494,,531800.0,52771000.0,-2383400.0
兴业银行,2024,601166.SH,6220300.0,14810700.0,17220300.0,30.212603545277204,0.22931322706025506,3.594895953500881,58.56242901839731,-306.1749106347834,29.309792391130213,3.6983471074380168,-111.79497328319809,,34169300.0,32556300.0,-2362900.0
兴业银行,2025,601166.SH,,,,,,,,,,,,,,,
华夏银行,2020,600015.SH,2662200.0,8196700.0,9252500.0,13.998677984240732,0.310546217795316,1.0727051111001302,58.932470924665104,161.1600519287834,27.932304399374665,1.8524656575700658,36.46979823521389,,29434100.0,26662900.0,
华夏银行,2021,600015.SH,2786300.0,7960500.0,8885700.0,16.965682695316573,0.25166696724167614,2.2648666983834507,57.09674026872379,297.0965987532946,29.063314905601334,7.652494205061442,74.07426723688329,3519800.0,19230700.0,12740900.0,-1790800.0
华夏银行,2022,600015.SH,2826400.0,7429300.0,8466200.0,20.803129797032234,0.2658604105926746,1.4674756234797126,58.561916996682825,309.82738328756375,30.12962647108989,6.434803323109907,84.18791574279379,3073300.0,379600.0,8248100.0,-1079100.0
华夏银行,2023,600015.SH,2923600.0,7044200.0,7684400.0,24.424131234778503,0.15046655914802365,1.1825327174279385,55.06938208046572,943.1067237846898,31.366742841202917,7.361945878834053,271.62874033066186,2530100.0,7882700.0,6593700.0,2705100.0
华夏银行,2024,600015.SH,2895400.0,6206300.0,6750600.0,36.11368455726433,0.12436904360136922,1.4730751188566367,54.456297697695256,150.71286707334372,29.804623968048094,22.051896652638035,43.74343771230931,2842700.0,1561100.0,8239700.0,-3473500.0
华夏银行,2025,600015.SH,,,,,,,,,,,,,,,
平安银行,2020,000001.SZ,4469000.0,9965000.0,14313100.0,35.099191100806294,0.9730527866758389,1.5888055850334137,65.6842940826916,-55.86628871681416,29.106042646311757,-1.67056646895576,-10.525458832111084,,33567500.0,40561100.0,
平安银行,2021,000001.SZ,4793700.0,12033600.0,15339800.0,28.956270700129295,0.6718034372472761,1.919644489960133,66.07518628207406,-530.4188683399383,28.30095109898868,4.533664639595457,-113.78532674471464,7261900.0,16293200.0,44738900.0,2805100.0
平安银行,2022,000001.SZ,4938700.0,13013000.0,16033800.0,27.663359181744905,0.5676580010876604,2.516595840958043,68.59791022162815,295.65866947886457,27.453236610244865,2.1658253715962483,74.80585897328997,7134100.0,2140500.0,33290300.0,-2675600.0
平安银行,2023,000001.SZ,4595900.0,11799100.0,14742100.0,28.35961359813964,0.5267476100370925,3.950284905486122,67.6134963951585,199.03347325368637,27.904844595292015,-0.6133268651027409,56.139381538442855,5901700.0,14260300.0,16366400.0,-1061400.0
平安银行,2024,000001.SZ,4058200.0,9342700.0,11753900.0,36.31207607621255,0.4179384913515921,4.6323365001117995,68.10810575099329,142.3025074143974,27.664201233852552,5.67064927472688,43.17529568151607,4893900.0,9448600.0,5612900.0,-569000.0
平安银行,2025,000001.SZ,,,,,,,,,,,,,,,
招商银行,2020,600036.SH,9674500.0,18503100.0,26451700.0,36.302077237143784,0.9506248200072522,2.7138720470425697,74.22441657775411,430.1064731163038,33.30498963791216,-1.3557660895132309,145.0444433734276,,2348000.0,64943400.0,
招商银行,2021,600036.SH,10972700.0,20391900.0,29836600.0,38.44010469339146,1.021156725668587,2.1020711273117447,76.16479827849044,150.6595825678203,33.12483207699251,0.062089584472204785,54.95738906515564,,71874200.0,56492400.0,2876200.0
招商银行,2022,600036.SH,11337500.0,21823500.0,31251000.0,36.70366578398587,0.929833496927481,2.5996477728576792,82.64396754854882,409.3090872542967,32.88300177212914,-1.620102596403675,165.3628514166882,,5376500.0,50889100.0,3581900.0
招商银行,2023,600036.SH,11178600.0,21466900.0,29877700.0,36.69877890912737,0.7626434206771684,2.608645268800795,82.87943159410361,241.71520073510533,32.963261117647576,1.0451935816281466,105.49358197468175,,1150900.0,48271100.0,7977500.0
招商银行,2024,600036.SH,10761600.0,21127700.0,28337100.0,37.397181529417345,0.5932668402233173,3.365320840063344,84.21740740377784,298.8940819342199,31.88735599487982,3.4060631842912477,132.45596880481676,,4573900.0,43213300.0,-10873700.0
招商银行,2025,600036.SH,,,,,,,,,,,,,,,
民生银行,2020,600016.SH,4843400.0,13522400.0,16288800.0,26.886580770041796,0.39802982144627386,3.1928138236516674,58.794816963996645,-234.7501566862287,26.18747668301334,1.1987141066855556,-44.5534222577872,,437400.0,43114700.0,
民生银行,2021,600016.SH,4923200.0,12577500.0,15334100.0,25.490509703561525,0.3964741615806958,2.283516276784587,60.09337997724562,445.9214414827992,29.165185659107607,-4.134831460674157,92.06950072273169,7739800.0,36321100.0,24476700.0,-4022300.0
民生银行,2022,600016.SH,5072900.0,10746300.0,12773700.0,24.574665206771666,0.2794227358371856,2.51436358832599,60.991690475441374,464.74830198172003,35.60529492686488,-21.7621737960721,116.70246216906708,4876200.0,37143800.0,14465600.0,-2275000.0
民生银行,2023,600016.SH,5083400.0,10243100.0,12166700.0,27.259492816918414,0.2506330647761912,2.251189419104843,61.86129810247424,204.7351747901962,36.09933459738526,-7.296964505594518,52.32038745321943,4570700.0,4374800.0,28340900.0,5181500.0
民生银行,2024,600016.SH,5131800.0,9869000.0,11693500.0,27.588230978061485,0.23346221846817306,2.385882784691788,60.52582133915102,-707.8968278222603,37.6535329077702,-3.9694880445943963,-169.9596448748991,4547400.0,,10779600.0,-10491800.0
民生银行,2025,600016.SH,,,,,,,,,,,,,,,
浙商银行,2020,601916.SH,1238500.0,3709500.0,4134500.0,22.237595119803785,0.20749673497784665,0.2752139047223816,69.72117501756556,394.7766541922128,25.962727711045424,-13.103112163197103,103.93476301280842,,1633500.0,17578200.0,
浙商银行,2021,601916.SH,1378400.0,4195200.0,4600200.0,22.982871619760974,0.17710933943464074,0.5580912073740457,66.78357800588724,-287.1090120780428,25.30520827596336,16.100393832187436,-68.07842705292725,2483100.0,767500.0,15733600.0,406900.0
浙商银行,2022,601916.SH,1677400.0,4706200.0,5185300.0,22.956535974461815,0.18272799044978316,0.365417841056016,68.4626628664495,1199.2637071985132,27.46009658672342,-14.28210473122355,274.6418924449538,2765300.0,1714400.0,18641100.0,4411500.0
浙商银行,2023,601916.SH,1908800.0,4752800.0,5256800.0,25.39244003516263,0.16031151326116558,0.2727204195835781,63.2521319756748,1254.547214871232,29.963581564736906,1.680768351246284,305.1095692578174,2611300.0,359800.0,19987600.0,-2090200.0
浙商银行,2024,601916.SH,2046200.0,4515700.0,4964400.0,33.24907612712491,0.13492549628797015,0.5222010627450167,61.556662683057105,-767.7180908685401,30.24685883222469,20.001137721144545,-178.09016999260902,2819500.0,475500.0,16544700.0,-3503200.0
浙商银行,2025,601916.SH,,,,,,,,,,,,,,,
浦发银行,2020,600000.SH,4670200.0,13858100.0,17252700.0,29.43366058334691,0.42698200225452937,2.944963270189572,56.43730403081649,214.23728238943602,23.78095975232198,3.3292342761164933,64.3560575199609,7954700.0,63032500.0,57145000.0,
浦发银行,2021,600000.SH,4997800.0,13595800.0,16509200.0,28.811092144809457,0.3580541977596234,3.7846159102453223,59.84560783284769,-478.3543503329241,26.168958331151625,7.624722791217349,-134.66818862510604,7833100.0,6886400.0,32419800.0,-6809200.0
浦发银行,2022,600000.SH,5260700.0,13366900.0,16236000.0,29.133929234129635,0.329605402904723,4.048801037514313,61.18889565179555,702.1539704213704,27.89017187814783,-6.863880033482342,193.5611964670081,7595200.0,205500.0,17213600.0,3609300.0
浦发银行,2023,600000.SH,5142400.0,11843500.0,14288800.0,31.711775084470172,0.27148139714609804,5.013840521970809,61.156901141513856,1037.690026450079,29.650472225745816,6.298535338641502,223.94513186572414,7675400.0,37677600.0,16289400.0,8004200.0
浦发银行,2024,600000.SH,4979500.0,11471700.0,13753300.0,32.8150256518378,0.24113601102529308,4.435799228060385,59.98878755420811,-727.9458928766227,29.162859887085062,-3.202663027746764,-195.4072668493921,6943700.0,2391400.0,41159200.0,-12559200.0
浦发银行,2025,600000.SH,,,,,,,,,,,,,,,
上海,2020,601229.SH,960734.5,3639428.0,4200282.6,28.28165414725377,0.22779114268555617,7.636539592985897,57.93069607725354,59.63197669256483,18.932175370323364,6.086034453745927,24.57715045541509,1827373.3,341581.5,13907642.7,
上海,2021,601229.SH,1209843.9,4043750.3,4948454.2,28.085413412763437,0.34098611127794853,7.4950533321896025,60.184186480062905,-50.08412450372204,21.51602286214111,-2.8134039901678647,-19.667042291233503,1996638.2,22324604.6,13367305.4,-63223.0
上海,2022,601229.SH,1222645.5,3800018.9,4449312.4,28.45336834029849,0.22556467439438138,7.073563267551523,60.17879127892459,112.87271381106707,23.019929516374667,-0.674513490581736,47.42925193586336,1629648.9,326804.5,9158388.6,244914.09999999963
上海,2023,601229.SH,1244600.6,3516407.8,4007927.6999999997,30.45694888470511,0.15929906850314196,6.958464389310036,58.7178742064254,17.899181844747027,24.614131257451625,13.589550022801788,7.9902878056241615,1143411.2,491920.1,8708281.0,-1191367.6999999993
上海,2024,601229.SH,1262170.1,3248608.8,3644490.4,38.68877835560828,0.12269099927408086,7.356019710515116,58.566128753507364,17.323728309410754,23.821024788833938,13.701273943763145,7.703134156387921,1244660.6,2521482.8,4267762.1,-290394.30000000075
上海,2025,601229.SH,,,,,,,,,,,,,,,
兰州,2020,601136.SH,,,,,,,,,,,,,,,
兰州,2021,601136.SH,,,,,,,,,,,,,,,
兰州,2022,601136.SH,,,,,,,,,,,,,,,
兰州,2023,601136.SH,,,,,,,,,,,,,,,
兰州,2024,601136.SH,,,,,,,,,,,,,,,
兰州,2025,601136.SH,,,,,,,,,,,,,,,
北京,2020,601169.SH,1419200.0,5160500.0,5799500.0,19.742142179505123,0.22034376385769175,4.182876358527925,61.82264842166719,87.66977732606486,22.071882921973902,-0.47065564377506747,29.513678284265698,,14278500.0,13355500.0,
北京,2021,601169.SH,1654300.0,5139700.0,5738700.0,22.44888721237269,0.1958182505878634,5.138447426068804,62.41532491805404,-176.67470525187568,24.961146737080348,3.9359758519342285,-59.692191625801584,2352200.0,3462400.0,12223300.0,-909200.0
北京,2022,601169.SH,1759900.0,5145800.0,5852400.0,22.35801798539441,0.2085625770376912,4.784926114655698,63.20468847233077,505.5836341756919,26.55410706741505,-3.3939079906732297,190.17743979721166,2084700.0,463800.0,13376400.0,83500.0
北京,2023,601169.SH,1926900.0,5035000.0,5410200.0,24.52519074815248,0.10008859120772945,4.766932564778153,61.42562653360804,163.13539561635318,28.884291945856006,2.2200806653103475,62.92515477207657,1844300.0,327300.0,22931700.0,187600.0
北京,2024,601169.SH,2037000.0,5191000.0,5536800.0,25.754823576526455,0.08191319664710194,4.682625448236687,64.28799218886302,500.3746620316725,29.134545246506573,2.503252118271631,185.28684011041662,2010300.0,359600.0,21310300.0,-4600.0
北京,2025,601169.SH,,,,,,,,,,,,,,,
南京,2020,601009.SH,980737.4,2369359.9,2865871.6999999997,31.254107733779747,0.3272821380809547,0.8364272433025124,68.07264050212561,227.00656372553212,28.45564645618125,0.005431789528864511,87.00974563647401,,660603.8,11064828.4,
南京,2021,601009.SH,1195741.9,2710290.3,3290374.9,33.77451317568877,0.331676536747062,0.7959897592010559,66.89496066131649,755.671399425094,29.217751856222517,13.133637298152353,294.80268934642567,912784.3,457113.1,11888949.6,183014.69999999925
南京,2022,601009.SH,1327109.6,2697047.2,3231451.3000000003,39.536820243893025,0.25948449598319456,0.6694974443787051,66.31309462744584,527.5064716503857,29.75152466773856,12.400190826588155,219.29696250137874,884213.4,157049.7,15674031.8,1467120.2000000011
南京,2023,601009.SH,1376176.1,2545153.4,2908032.0,43.64081134536642,0.15858166292914827,1.1264933926787875,66.00074904173293,198.91562118468002,30.47367142660159,7.85207282077338,82.06231241077877,876976.4,344445.3,15985752.3,82884.39999999851
南京,2024,601009.SH,1411895.3,2662668.3,2921928.0,47.03589217845658,0.1000462027528627,1.1585366385906917,63.66646655427879,-323.0814988155621,28.084525174213553,29.92090624737739,-130.87590234692252,1052469.6,10296564.6,16829032.2,975511.2000000011
南京,2025,601009.SH,,,,,,,,,,,,,,,
厦门,2020,601187.SH,158967.30003800002,461194.7087469999,493935.1853089999,16.98581035534066,0.11481832145143163,1.2576128114812175,58.55538622865459,-641.1527568714121,28.613818290559127,-12.577246998420453,-214.19430257183882,,189170.643673,3251801.9972220003,
厦门,2021,601187.SH,183646.510095,443030.11939300003,480613.91129400005,16.65358023149984,0.114064979578968,2.673136950048025,60.58350408704483,-992.2279222924803,34.549071156537295,0.09831753539189805,-413.0756400779633,,1778364.5033479999,3449342.9482830004,470716.4676430002
厦门,2022,601187.SH,202165.923332,478958.11108299997,522109.435457,18.752983224306778,0.11624566876045903,3.7363246353900106,59.75072816309066,1022.4924360712002,34.29397641327785,-9.811503922410509,446.06063527961624,,2994567.3770919996,2597685.847753,-291774.56389300013
厦门,2023,601187.SH,222096.969414,432648.80364899995,474030.14780499996,22.778706229296912,0.10592570365147455,4.899370807176749,58.55951546083816,-158.86294564597412,39.64096323866258,2.467982544380727,-78.04333224732791,,270339.917704,1012867.70483,-8028.375536000356
厦门,2024,601187.SH,223849.777327,400498.13503700006,438634.7921230001,30.45895458708342,0.09351925078840048,5.4031044520861045,58.30924739571465,-159.48966806585312,38.868464466956965,9.072462302043874,-74.93439043349272,,657777.215945,,-733392.1762189995
厦门,2025,601187.SH,,,,,,,,,,,,,,,
宁波,2020,002142.SZ,1560900.0,2785900.0,3420100.0,32.23468171535599,0.3898573166481123,0.2028585848216289,61.89091603681233,401.49973572938694,37.96794045389312,-7.91856578547554,147.82175086959694,,324800.0,15655200.0,
宁波,2021,002142.SZ,1950000.0,3269700.0,4095900.0,38.04335468222988,0.4099013349328515,1.0919291310260382,56.94275375253201,-227.1864959967362,36.95001326410733,-0.5135730007336757,-84.41467389244704,1235400.0,80800.0,17392200.0,-490200.0
宁波,2022,002142.SZ,2158200.0,3752100.0,4498700.0,35.17337894573161,0.31554074072195687,1.282153690233325,59.62514976762981,409.68355524814115,37.28813559322034,6.099683544303797,163.73468788334284,1043100.0,922100.0,18199900.0,1944800.0
宁波,2023,002142.SZ,2401200.0,4090700.0,4667400.0,33.57635787935374,0.2126739984555597,1.495060962612597,63.30210739237092,676.9963684642117,38.99001380206219,4.161588644347265,281.5166030689291,894000.0,1454600.0,21725300.0,1208700.0
宁波,2024,002142.SZ,2367000.0,4799300.0,5264800.0,27.971965001275684,0.14894894203054365,1.2182775550743112,64.67112099321612,312.27728591895965,35.52400534285843,0.05753372115323148,127.57575302786992,1067900.0,569900.0,23487400.0,1817400.0
宁波,2025,002142.SZ,,,,,,,,,,,,,,,
成都,2020,601838.SH,348563.5,1182680.8,1219276.4000000001,18.9922963005379,0.05609091231547929,5.334645403357889,73.39169872978829,-13.019347385317644,23.87485171691927,1.134798634820312,-5.3755275226891355,,586932.0,5236761.6,
成都,2021,601838.SH,407872.3,1442193.9,1495442.4,19.3877027997269,0.06930273164040607,3.754277805582875,75.96312431686482,-44.96340818885826,22.798268018855822,3.9358353327721898,-19.68231175269326,23761.1,9044999.7,10542334.1,-496484.5
成都,2022,601838.SH,493656.6,1651856.7,1719596.5,18.391816696467107,0.07381875168667873,6.62794025878954,76.45803010077653,96.50566116566115,24.388567302356684,-1.4533079740948136,47.88293367544555,338497.4,266461.1,9809921.3,912543.7000000002
成都,2023,601838.SH,544592.7,1765355.1,1831567.5,18.655436094487975,0.060676124211882614,6.3068754299689385,76.5176329766134,-203.51199754145264,25.09390642575272,1.1353312650942071,-109.45340122141596,197880.6,553171.9,13836652.6,1521704.4000000004
成都,2024,601838.SH,549985.2,1846072.4,1917049.9,19.67146482476992,0.05677672412510877,7.194943662811032,76.09091496620725,-733.2630388880887,23.931621253887954,4.5617570980033415,-410.00760741442457,195830.2,10074139.7,11792889.8,-1430714.1000000006
成都,2025,601838.SH,,,,,,,,,,,,,,,
杭州,2020,600926.SH,653522.4,1927172.4,2228627.1999999997,22.309219780617166,0.2578173455975019,1.2253708090762248,64.65305366938242,262.4045849126667,26.345678854078443,1.2057270169007104,75.49228348010818,,9966548.0,7043871.6,
杭州,2021,600926.SH,801673.5,2103550.4,2464373.6999999997,28.355320757822128,0.2594797236774046,1.9567131487238494,62.8402181163867,-604.2346743916625,27.304142921631012,7.205960374226115,-190.5879504813106,,1216589.9,10530260.8,-735449.0999999996
杭州,2022,600926.SH,975997.7,2285665.2,2753023.2,30.593359441259683,0.2891104231730825,1.582871927089578,61.78654208157521,779.0582850214867,29.637202137065945,4.081698574059589,276.29707551182145,,665122.5,11455468.4,1678525.5
杭州,2023,600926.SH,1029300.6,2343282.9,2747543.8,33.07877493596344,0.2195482199944212,1.5066474731138508,61.17253890284253,502.32176513329597,29.395536113521707,8.58403445627242,206.33918807651722,,14401908.5,10664583.5,1159876.0
杭州,2024,600926.SH,1128613.1,2445706.2,2817666.1,36.278490922580474,0.17608770711578875,1.0041494144835994,65.24869973180762,387.613553972978,29.405383973162674,12.709402886576662,171.50783201721927,744633.5,21299651.4,13466852.6,514460.30000000075
杭州,2025,600926.SH,,,,,,,,,,,,,,,
苏州,2020,002966.SZ,302413.848,752542.9174,847003.1882,27.388315848116342,0.24341159604765783,2.345663456024736,70.09052811264141,702.1001713728938,29.17943722066814,1.2432753569314678,184.62936222466973,386298.068,2714891.8316,3227176.9073,
苏州,2021,002966.SZ,340094.7634,753282.9011,875485.2044,30.441149821142705,0.26974497853400975,4.382544342957998,66.47158757331977,-232.11318094110385,31.404669692368408,4.060494493957843,-70.45828679605115,334122.349,2951086.2543,3051059.0494,-166185.80110000004
苏州,2022,002966.SZ,385355.6833,834092.4813,965790.9084,29.09159011130568,0.25106997663464087,5.695307083867231,66.84443455496051,14.106968858343723,32.760106771117435,4.188542689483612,4.937035757718233,276403.253,20153.5003,4223535.3431,152486.56739999983
苏州,2023,002966.SZ,430657.3575,848289.3044,972148.9602,28.511654957110284,0.20580113669355862,5.979168565560969,67.20465551886112,343.23583211442275,36.293021270608754,4.61235208172607,138.7603001274099,164796.3768,183950.2162,4582301.8166,48822.482300000265
苏州,2024,002966.SZ,445448.2966,790511.0078,896435.851,35.330102933352194,0.1526923660127915,5.092615157585636,66.94201183484407,208.01610638753056,36.441106076189925,11.349665134859475,89.73158393279196,112789.0151,315307.0074,4552413.7453,487785.5371999997
苏州,2025,002966.SZ,,,,,,,,,,,,,,,
西安,2020,601596.SH,,,,,,,,,,,,,,,
西安,2021,601596.SH,,,,,,,,,,,,,,,
西安,2022,601596.SH,,,,,,,,,,,,,,,
西安,2023,601596.SH,,,,,,,,,,,,,,,
西安,2024,601596.SH,,,,,,,,,,,,,,,
西安,2025,601596.SH,,,,,,,,,,,,,,,
贵阳,2020,601997.SH,383327.4,1371792.5,1458694.3,14.696963940273125,0.1471215368561511,,66.06856776369118,212.03377088336572,23.836688875964366,-1.642741410547301,80.99152169745388,,2272.0,3023282.0,
贵阳,2021,601997.SH,412025.8,1299282.3,1365663.7,13.404912826891247,0.10905673489779996,0.018185541666855733,66.24786675226058,-225.61017852704202,27.460860560149147,1.7689132708450053,-94.06742592080263,391112.6,83674.6,2723213.6,-786928.3000000003
贵阳,2022,601997.SH,419243.9,1383137.3,1424523.3,11.580879227123555,0.06406516751068389,0.0171455515234218,66.91342830246026,-72.60065758370568,26.800793404524438,-0.10041484591479499,-28.9892786316866,428497.2,232661.2,3260524.3,343340.7999999998
贵阳,2023,601997.SH,407189.7,1357565.9,1385684.2,10.071895933559114,0.0408655703430009,,65.57384564546763,-10.126244604178645,26.973127209797216,0.29832779070880494,-3.779347349071368,489763.9,2196948.5,4117506.3,322407.3000000003
贵阳,2024,601997.SH,399042.6,1112099.9,1147021.5,25.516927704597748,0.04948721190776116,,67.60232340467027,-49.28627249962976,26.725943258105932,18.206317707410822,-17.5417529864895,528284.5,30439.1,1747226.0,-906317.7000000002
贵阳,2025,601997.SH,,,,,,,,,,,,,,,
郑州,2020,002936.SZ,327148.4,1123916.2,1296914.8,23.053985008785443,0.315798383363516,0.5628876096001763,63.070256344650865,-336.6378579595534,22.397368852546,-20.99875213926993,-76.5362469110615,,2627961.2,4705393.4,
郑州,2021,002936.SZ,340048.6,1194887.1,1319045.5,19.267325331867973,0.21593528989900168,0.727367118595579,62.372788634127375,-1254.2557643477433,22.975420016798036,-1.8361450882592327,-287.9561278139938,726303.0,20000.0,5438742.5,-305902.5
郑州,2022,002936.SZ,347201.1,1225383.8,1304474.1,18.85600956205902,0.13370833332192195,0.4075057490899559,63.426449227105444,-1205.7940004953946,22.99139480907336,-9.765961463791708,-207.59744658590128,865995.8,2589.2,4369263.8,-694560.7999999998
郑州,2023,002936.SZ,369599.9,1173961.3,1231853.9000000001,14.104310364380938,0.09178965358388515,0.9874117483662989,63.58871633581463,88.63246102806217,27.042661712746273,11.534366959524865,12.058732930961442,807532.3,2325327.7,3624892.9,-11758.5
郑州,2024,002936.SZ,371293.4,1036460.5,1083686.7,19.511966887211504,0.0698235172463919,2.084646603069076,66.62081918950409,470.37816546550255,28.833395458640076,7.306803341410892,68.06880377721865,718347.6,239865.0,3182514.4,263847.3999999999
郑州,2025,002936.SZ,,,,,,,,,,,,,,,
重庆,2020,601963.SH,269368.1,1106073.8,1209778.5,15.232675761098092,0.18464575537689576,0.47957380178655173,60.52188240189113,705.5018567819357,20.643842275548838,-4.334521263626696,246.85926213971402,,3692390.7,3753113.6,
重庆,2021,601963.SH,311235.5,1159677.3,1236559.5,20.106171242205598,0.12421318418010059,0.08179207353210084,59.45080323536527,104.65492562808383,21.441995752048022,6.50042341325084,35.03360952599442,510066.0,536614.9,3902515.8,189518.0
重庆,2022,601963.SH,339934.7,1080825.8,1156959.9000000001,19.73313836457202,0.1111913292001333,0.5015478297862048,60.42074486916166,103.81376031583936,25.245040902965787,-8.83922036426824,39.446693211232784,355916.1,3677315.4,3950117.7,382553.0
重庆,2023,601963.SH,359706.0,1044700.3,1085844.1,20.92476743509221,0.05414485242330516,1.1993665558396445,59.209521442370935,85.09065386869842,27.226789927209477,1.9045305226555702,33.67794037803355,324297.2,2842820.7,4136250.1,-99959.19999999972
重庆,2024,601963.SH,388596.5,1017612.9,1106372.8,25.60930187744215,0.10361378099393323,1.3621028596968834,59.79696127798094,-375.77919776215714,28.40762427734805,1.682564294172083,-151.66625083163962,318864.8,4805576.1,5078036.0,-551593.9000000004
重庆,2025,601963.SH,,,,,,,,,,,,,,,
长沙,2020,601577.SH,535013.8,1496087.1,1575809.7000000002,16.98618005792318,0.1132045848213268,0.48349717283468024,70.4080839089306,376.2576753204783,29.686466289112644,-12.288368982494772,116.08979952164407,569050.9,533263.4,5744563.6,
长沙,2021,601577.SH,593511.5,1611155.0,1717534.1,22.79247002374179,0.1336168529923265,0.8968615396571379,69.80163845119402,54.95727397308441,28.44143296424241,9.876952466569278,17.301736144522426,665515.8,-222919.6,5582144.1,-29428.099999999627
长沙,2022,601577.SH,647169.3,1796730.9,1928626.2,21.42901747423234,0.14578359375494016,1.4257969998685571,69.95491411380335,276.1145543231539,28.30069197424795,-0.6580539480358659,86.25628366824802,744094.8,381322.1,6091358.5,263248.2999999998
长沙,2023,601577.SH,693293.3,2002756.7,2155947.3,19.25288922698653,0.1501820123078123,1.3159830858521597,70.4894464444136,539.2514518473444,27.95218754893596,-6.100358017459543,170.71217443430243,818132.7,318743.1,6752173.9,-10457.299999999814
长沙,2024,601577.SH,737914.7,2056380.2,2195546.4,20.712678201070407,0.12135727255440998,1.1062624808543255,69.08658852616409,294.76468607550663,28.451587055283156,10.307401478884486,89.88406411662397,880462.0,-328356.6,6192879.3,-518499.5
长沙,2025,601577.SH,,,,,,,,,,,,,,,
青岛,2020,002948.SZ,354270.7,814653.1,983815.5,22.713281453601446,0.3678822196853536,,64.28943153920227,1846.2273641441034,33.609913078506175,-8.689672968035728,429.70226440258347,,262597.8,3601802.1,
青岛,2021,002948.SZ,377613.6,764562.5,960075.1,31.343271117492005,0.37436619627154916,0.978200060312156,65.03407163928081,100.39382429516375,33.909215476233555,14.678847030300023,26.98452238354162,396697.1,82000.0,3951712.5,602199.7000000002
青岛,2022,002948.SZ,407155.6,828831.4,973344.4,28.81905687621108,0.2728647697812334,1.592107105810754,70.59405601383911,-52.87172161229983,34.9669662685706,-42.30996004730929,-14.382720656213966,428882.8,8000.0,2680398.5,-2541608.8000000003
青岛,2023,002948.SZ,436016.0,928196.9,1086848.8,25.579188593966336,0.2609469031764797,2.3061780177171762,69.61888107506142,276.10379635127555,34.95881585686526,8.222027931581785,81.27570300721375,401407.9,129926.0,3229370.7,321835.7999999998
青岛,2024,002948.SZ,471713.1,987382.4,1138337.7,26.84720038489993,0.21878751872203567,2.1514699034607556,68.7414089426189,521.0680313236638,34.948094963124376,6.5101021415062545,170.04286116263904,353369.1,262988.4,4197624.1,1810960.1999999997
青岛,2025,002948.SZ,,,,,,,,,,,,,,,
齐鲁,2020,601665.SH,227694.7,641356.8,704354.0,19.18801543318027,0.17487941819661915,0.198139692193103,74.79512015173935,705.0459187883885,28.68989707811104,0.7129632006237865,226.0641874843364,272610.2,249665.8,3258509.3,
齐鲁,2021,601665.SH,266008.7,748514.6,843244.7999999999,26.377903848172075,0.21856761493370952,0.16589253870988566,74.46392374541156,928.6675283578534,26.163976078252517,5.111737672837172,280.6242127089226,405064.4,19026.1,4613910.4,232123.5
齐鲁,2022,601665.SH,291684.6,857491.4,980966.2000000001,22.495074433494317,0.24401492714897105,0.3697444272344886,75.97957120910472,766.0942018068763,26.364104890026862,1.6959487263260415,251.41826849638576,415119.8,234359.3,4243622.3,102647.5
齐鲁,2023,601665.SH,314560.0,887734.7,999633.0,25.724150764123614,0.18501213959310878,0.35170994851412557,72.48863962659765,678.6831973049013,26.318911647406907,2.309639166041812,242.41870429896198,414456.1,227955.1,4441417.8,158541.2000000002
齐鲁,2024,601665.SH,341286.3,903072.1,1029480.5,27.730007098379378,0.1833229650588764,0.4073652880380897,70.02983088541151,378.3962547851131,27.31205900217753,5.054846684492518,149.7365757001747,362743.6,4431566.8,3841569.5,-12733.899999999907
齐鲁,2025,601665.SH,,,,,,,,,,,,,,,
常熟农商行,2020,601128.SH,281543.8,596635.3,611395.2000000001,9.353590781656706,0.0707280444897748,0.27366044620641744,85.70873179397202,212.77883553293043,42.77476459687752,1.068616978303606,62.60161984027061,166041.0,2288806.0,2228154.4,
常熟农商行,2021,601128.SH,316907.9,669136.5,692898.2,12.593320905567925,0.09636397176265575,1.9156971198735697,83.19440427532402,-72.08114607403864,41.39643722587301,5.0459734935959855,-22.044078726249403,171078.0,2641128.7,3107644.8,74411.1000000001
常熟农商行,2022,601128.SH,339824.5,761146.8,779941.1000000001,13.591805587499858,0.0652848766797952,1.2644416515811128,83.09741878955698,449.40510193762105,38.57813165887402,-4.009359502522999,149.32434104605724,197322.5,2862360.1,3096516.0,-12053.100000000093
常熟农商行,2023,601128.SH,363920.8,850133.9,853358.3,13.869418844895248,0.009640717626508182,0.9716727527110183,82.79589034029178,466.73433636554415,36.870321249900336,8.196366856822609,165.84572835795825,212430.6,154308.9,3021667.8,239155.69999999995
常熟农商行,2024,601128.SH,399445.2,914232.2,922568.6,16.196542344555194,0.022740896684489705,1.011027957300592,87.80986962378103,445.7872591978675,36.61530287805514,3.1549435539563415,166.45312295758038,196931.5,150918.5,1951060.1,428543.19999999995
常熟农商行,2025,601128.SH,,,,,,,,,,,,,,,
张家港农商行,2020,002839.SZ,131147.283274,360106.50427700003,359128.31567100005,14.151861273168478,-0.006801589355697043,0.045016246247174894,82.8583390202804,765.0319520432884,31.2650564053489,6.04508973105203,181.58260642460854,,1608373.91783,1461625.3932,
张家港农商行,2021,002839.SZ,143597.314992,369124.78377800004,381549.39249900007,20.040321382742814,0.0754934118538883,0.07692498484839712,83.0647354121443,11.837539087036967,31.10599900538485,2.786158731808341,3.427295290418168,176801.980453,45602.758577,1509764.87039,-108604.07294900005
张家港农商行,2022,002839.SZ,157443.636451,391678.31675800006,396346.30180600006,18.8630318323718,0.02489157186096241,,83.58075422052522,449.36841336754946,32.614772818310456,-0.05982932275695307,158.121214064091,142856.413569,39220.200902,1581399.833989,190850.17004400014
张家港农商行,2023,002839.SZ,167562.922085,386433.82851,389127.289876,14.901187683661387,0.013003925065770246,,84.73388766025167,99.8566326775697,36.89999323472708,3.283816486570544,39.53946949364607,90083.056149,1045552.925631,1320343.192584,-87774.10776399996
张家港农商行,2024,002839.SZ,168600.162673,337935.108529,340893.836097,28.2712107291555,0.01351584777526114,0.26515238522815743,86.03305703031333,-22.38549817409895,35.786413527862,-5.055674656220565,-8.910170367453842,92552.988612,4775.864401,1135079.780619,-45476.716755000176
张家港农商行,2025,002839.SZ,,,,,,,,,,,,,,,
江阴农商行,2020,002807.SZ,105472.2,255915.3,265933.2,23.636755887063167,0.07016995349194405,0.320171645068399,81.0376555672239,312.84834552811344,31.47212908227252,0.22389576829769647,99.8983973032466,,-134202.7,1134825.5,
江阴农商行,2021,002807.SZ,112444.8,283093.3,296901.5,15.913963483638332,0.09017446946320892,0.27089499391941746,83.91387781687112,317.1399949561465,33.39901565623413,2.9053321042821265,121.02019478957202,85420.0,-50453.9,1132257.3,-126847.5
江阴农商行,2022,002807.SZ,114860.9,319348.6,328617.39999999997,15.514164766487651,0.05492576784372201,0.13730316044318827,84.12483166826242,24.219576245084664,30.387229103784826,-0.7234587993258543,10.360069705418677,89611.2,-14106.8,1175735.7,-671.7999999999302
江阴农商行,2023,002807.SZ,119297.1,298179.7,306186.2,22.85042831017998,0.04303885458989294,0.04239272078339757,83.76850716727321,-19.807608718252865,30.86635397660413,-4.069196634057635,-10.352071278431115,78229.1,-10588.6,1320029.5,-38912.10000000009
江阴农商行,2024,002807.SZ,119462.9,280302.5,289969.9,29.25114659824223,0.04828096631751605,0.11193908629492327,85.45456557376765,182.25248005839677,30.152650079998743,3.230695354521428,93.01505803853014,54592.8,21776.6,1004622.5,27789.300000000047
江阴农商行,2025,002807.SZ,,,,,,,,,,,,,,,
瑞丰农商行,2020,601528.SH,98741.912909,298197.123856,281525.356371,0.8890072137483137,-0.12872344220782098,0.07723620643182738,78.2582820879867,1112.904079620215,32.81858956745159,-3.4402805948746056,414.13871908891036,80436.197864,-152245.15929100002,1314509.3730799998,
瑞丰农商行,2021,601528.SH,106630.2,299563.8,286227.89999999997,9.503930378483014,-0.09743656047648296,0.7325711968061143,83.18383973139034,-14.446967936040428,32.21221657275105,2.369902450561033,-5.651552258581778,85409.1,-13195.0,879715.7,-429335.17693099997
瑞丰农商行,2022,601528.SH,117329.0,318848.8,310556.39999999997,9.546388395113983,-0.05194998898277331,0.3417213441282191,87.26510242871242,203.75162508113317,33.28484158005196,-1.598877096173672,89.67741258292912,82195.9,62948.2,1824908.6,57761.80000000005
瑞丰农商行,2023,601528.SH,131939.2,305384.9,304048.9,19.71115092157962,-0.006785567656287026,1.6757827839228672,81.78619226651769,1505.5841848245366,34.68818044483379,6.048250635244185,692.1543346817128,84482.3,49777.0,1101167.1,216461.99999999988
瑞丰农商行,2024,601528.SH,136920.1,300358.9,304245.4,31.502570373407675,0.01762561940855115,0.9299052766605703,82.56865343657131,-31.393119413542536,31.224894332133935,6.125612270863668,-13.916709958526477,115347.7,55691.5,1798467.5,-227035.69999999995
瑞丰农商行,2025,601528.SH,,,,,,,,,,,,,,,
紫金农商行,2020,601860.SH,135914.6,384039.6,396602.89999999997,14.214642318646344,0.057718677329921204,1.2445297778582767,74.24939811715771,907.5291918950868,30.36010498687664,-4.563479664961144,292.2208521807114,,1805469.3,1953903.5,
紫金农商行,2021,601860.SH,161419.1,395888.7,408221.7,12.065788839477383,0.05967599029216364,0.12687522956723948,83.66417255347095,-1526.920731465862,35.85417119695894,2.017087598253128,-513.8926025871032,,409714.1,2002003.8,-86361.30000000005
紫金农商行,2022,601860.SH,173845.5,403525.2,410113.5,10.46217934536963,0.02931753945215534,0.8906149889561612,86.56363465242171,409.68530356329325,38.5744117111262,1.3475710555724358,145.46357835578888,,22651.3,2057720.3,50587.5
紫金农商行,2023,601860.SH,169332.9,395974.5,407462.6,10.407982167325228,0.04638574771545216,0.4695199777069324,87.9023388355316,360.9050932733011,38.31276053498024,-0.7725614949952212,132.17739366371688,66734.0,-3055.2,1746838.9,-157156.2999999998
紫金农商行,2024,601860.SH,160533.0,367358.8,385240.0,17.686871645010925,0.0662403536410714,0.4110897566164143,86.11620551371763,200.219522470872,35.97021068832831,1.4152071920099591,72.83561542237936,81557.2,37902.9,1317425.4,149933.2999999998
紫金农商行,2025,601860.SH,,,,,,,,,,,,,,,
苏州农商行,2020,603323.SH,122801.1,300265.2,313266.60000000003,19.98976773559189,0.09323985987299918,0.40943955080323796,83.8375415914586,767.438268385988,32.722222000167875,0.02756528889722138,196.07611312514408,142538.7,-169629.7,1105919.6,
苏州农商行,2021,603323.SH,126075.7,303559.1,325403.3,20.829353837711693,0.13762319806393833,1.3458920261014962,84.31167981322682,-153.1668042833072,32.881552996970974,2.396979019292158,-46.396154855280244,128405.5,15036.2,1707159.3,22847.90000000014
苏州农商行,2022,603323.SH,137687.2,313763.5,326892.4,22.286696376845878,0.07282587359638486,1.5957247264406325,84.245196293926,424.22560338354714,34.10252364797673,-2.7989209204903545,158.54932161372193,93748.2,9893.7,1424847.0,-17024.40000000014
苏州农商行,2023,603323.SH,140190.4,296557.3,305433.3,26.702949728927468,0.04381810272245831,2.0288640545387078,84.38199067796008,337.6924200798128,34.649434683691034,2.439555048589744,145.6726392838297,69432.9,6886.1,1363603.9,141731.6000000001
苏州农商行,2024,603323.SH,147015.6,281787.2,287058.2,32.49543700649419,0.024632325967312983,2.3916843585431082,86.89216480870346,160.0591883243372,35.21885959059905,8.588118828462783,74.60330883207249,54840.4,59739.0,769098.8,-105237.1000000001
苏州农商行,2025,603323.SH,,,,,,,,,,,,,,,
重庆农商行,2020,601077.SH,763579.0,2424887.0,2715173.4,13.968925759918625,0.2555503499270155,9.64984173715551,69.62486694036284,494.70406279302443,27.09054963681487,-1.1875331232591189,150.32291006768708,,84915.0,7990387.2,
重庆农商行,2021,601077.SH,848789.6,2623480.0,2895900.3,14.93752813348817,0.21520722812992527,7.194567525230279,65.47297955520713,424.236912958717,27.52075162402146,2.0568565978625317,133.67845258592698,1085213.6,2724981.1,8109156.5,-401928.2999999998
重庆农商行,2022,601077.SH,923175.9,2540423.8,2731744.1999999997,12.371156210437789,0.14152370959976632,6.112921366102818,66.69766850423139,676.677100747062,31.843835163010404,-5.645520007875433,244.56500675422893,784049.1,8621898.6,5409849.1,-845561.2000000002
重庆农商行,2023,601077.SH,948913.6,2349310.9,2528439.6999999997,15.963252220285082,0.12430160607459641,6.46814800870765,68.0187928611156,354.6862191186242,33.94340564628602,0.36048259931863835,141.14939187659988,594127.6,7150049.1,4494658.0,288867.2000000002
重庆农商行,2024,601077.SH,900454.0,2249448.4,2410656.1,20.405804894106154,0.10641181980293672,5.969901138173855,68.19110502562327,38.99783011039285,31.861549418018452,-2.7371464785697337,16.267682249853806,595691.0,944257.2,4120339.8,-457869.4000000004
重庆农商行,2025,601077.SH,,,,,,,,,,,,,,,
青岛农商行,2020,002958.SZ,275523.0,808545.4,838772.2000000001,15.52596733269073,0.0743018123304623,1.8002226306165467,66.47779688741771,212.69961009173542,28.78569206205991,-15.665201673065157,66.16341009782558,353148.2,300226.8,4187642.4,
青岛农商行,2021,002958.SZ,300908.4,804824.2,853990.2,21.837125821545005,0.11422316273171829,3.2277315420668278,67.98968015236315,25.234996524978275,29.223606109806603,-7.802639127940332,7.577948321209453,375455.3,1684109.4,1826560.5,-176013.7000000002
青岛农商行,2022,002958.SZ,301737.7,783907.8,829790.3,21.166942899750463,0.10552763661912695,2.6700365377122663,71.8839575864121,84.16739507229862,30.344008993657116,-7.344593732726731,19.86087546964736,470005.5,1638461.3,1145640.8,-92317.69999999972
青岛农商行,2023,002958.SZ,327362.5,735559.7,795153.2,28.76248347046048,0.12735374509541908,2.2710801339058695,71.23973710991605,616.5327928179895,31.704417064857388,12.993577406271283,155.42200856252904,466182.6,1853911.8,2122668.7,5726.0999999996275
青岛农商行,2024,002958.SZ,339126.1,722066.0,800310.4,34.55440746200084,0.1580591428739152,2.2852353791293107,71.96685860720918,227.21588424441813,30.737229781766146,34.896236013842696,58.67897366400096,511306.7,44359.8,1441153.1,586367.8000000003
青岛农商行,2025,002958.SZ,,,,,,,,,,,,,,,
